pathway_id,pathway_name,pathway_purpose,dropped_indicator,ih_before,bc_before,overall_before,ih_after,bc_after,overall_after,delta_ih_full,delta_bc_full,delta_overall_full,full_direction,ih_before_drop,bc_before_drop,overall_before_drop,ih_after_drop,bc_after_drop,overall_after_drop,delta_overall_drop,ablation_impact,normalized_longitudinal_sensitivity,ablated_direction,decision_changed,sign_reversal,full_weakest_transition,ablated_weakest_transition,weakest_transition_changed,bands_enabled,full_band_transition,ablated_band_transition,band_transition_changed,ablation_impact_pct_of_full_delta
L1,Balanced improvement,Sanity check: every indicator improves equally.,IH-06,1,1,1.0,2,2,2.0,1,1,1.0,improvement,1,1,1.0,2,2,2.0,1.0,0.0,0.0,improvement,False,False,Equal -> Equal,Equal -> Equal,False,False,not evaluated,not evaluated,not evaluated,0.0
L1,Balanced improvement,Sanity check: every indicator improves equally.,IH-07,1,1,1.0,2,2,2.0,1,1,1.0,improvement,1,1,1.0,2,2,2.0,1.0,0.0,0.0,improvement,False,False,Equal -> Equal,Equal -> Equal,False,False,not evaluated,not evaluated,not evaluated,0.0
L1,Balanced improvement,Sanity check: every indicator improves equally.,IH-08,1,1,1.0,2,2,2.0,1,1,1.0,improvement,1,1,1.0,2,2,2.0,1.0,0.0,0.0,improvement,False,False,Equal -> Equal,Equal -> Equal,False,False,not evaluated,not evaluated,not evaluated,0.0
L1,Balanced improvement,Sanity check: every indicator improves equally.,BC-01,1,1,1.0,2,2,2.0,1,1,1.0,improvement,1,1,1.0,2,2,2.0,1.0,0.0,0.0,improvement,False,False,Equal -> Equal,Equal -> Equal,False,False,not evaluated,not evaluated,not evaluated,0.0
L1,Balanced improvement,Sanity check: every indicator improves equally.,BC-02,1,1,1.0,2,2,2.0,1,1,1.0,improvement,1,1,1.0,2,2,2.0,1.0,0.0,0.0,improvement,False,False,Equal -> Equal,Equal -> Equal,False,False,not evaluated,not evaluated,not evaluated,0.0
L1,Balanced improvement,Sanity check: every indicator improves equally.,BC-04,1,1,1.0,2,2,2.0,1,1,1.0,improvement,1,1,1.0,2,2,2.0,1.0,0.0,0.0,improvement,False,False,Equal -> Equal,Equal -> Equal,False,False,not evaluated,not evaluated,not evaluated,0.0
L1,Balanced improvement,Sanity check: every indicator improves equally.,BC-08-RTO,1,1,1.0,2,2,2.0,1,1,1.0,improvement,1,1,1.0,2,2,2.0,1.0,0.0,0.0,improvement,False,False,Equal -> Equal,Equal -> Equal,False,False,not evaluated,not evaluated,not evaluated,0.0
L1,Balanced improvement,Sanity check: every indicator improves equally.,BC-09-RPO,1,1,1.0,2,2,2.0,1,1,1.0,improvement,1,1,1.0,2,2,2.0,1.0,0.0,0.0,improvement,False,False,Equal -> Equal,Equal -> Equal,False,False,not evaluated,not evaluated,not evaluated,0.0
L2,IH-only improvement,IH improves while BC remains unchanged.,IH-06,1,1,1.0,3,1,2.0,2,0,1.0,improvement,1,1,1.0,3,1,2.0,1.0,0.0,0.0,improvement,False,False,Equal -> BC,Equal -> BC,False,False,not evaluated,not evaluated,not evaluated,0.0
L2,IH-only improvement,IH improves while BC remains unchanged.,IH-07,1,1,1.0,3,1,2.0,2,0,1.0,improvement,1,1,1.0,3,1,2.0,1.0,0.0,0.0,improvement,False,False,Equal -> BC,Equal -> BC,False,False,not evaluated,not evaluated,not evaluated,0.0
L2,IH-only improvement,IH improves while BC remains unchanged.,IH-08,1,1,1.0,3,1,2.0,2,0,1.0,improvement,1,1,1.0,3,1,2.0,1.0,0.0,0.0,improvement,False,False,Equal -> BC,Equal -> BC,False,False,not evaluated,not evaluated,not evaluated,0.0
L2,IH-only improvement,IH improves while BC remains unchanged.,BC-01,1,1,1.0,3,1,2.0,2,0,1.0,improvement,1,1,1.0,3,1,2.0,1.0,0.0,0.0,improvement,False,False,Equal -> BC,Equal -> BC,False,False,not evaluated,not evaluated,not evaluated,0.0
L2,IH-only improvement,IH improves while BC remains unchanged.,BC-02,1,1,1.0,3,1,2.0,2,0,1.0,improvement,1,1,1.0,3,1,2.0,1.0,0.0,0.0,improvement,False,False,Equal -> BC,Equal -> BC,False,False,not evaluated,not evaluated,not evaluated,0.0
L2,IH-only improvement,IH improves while BC remains unchanged.,BC-04,1,1,1.0,3,1,2.0,2,0,1.0,improvement,1,1,1.0,3,1,2.0,1.0,0.0,0.0,improvement,False,False,Equal -> BC,Equal -> BC,False,False,not evaluated,not evaluated,not evaluated,0.0
L2,IH-only improvement,IH improves while BC remains unchanged.,BC-08-RTO,1,1,1.0,3,1,2.0,2,0,1.0,improvement,1,1,1.0,3,1,2.0,1.0,0.0,0.0,improvement,False,False,Equal -> BC,Equal -> BC,False,False,not evaluated,not evaluated,not evaluated,0.0
L2,IH-only improvement,IH improves while BC remains unchanged.,BC-09-RPO,1,1,1.0,3,1,2.0,2,0,1.0,improvement,1,1,1.0,3,1,2.0,1.0,0.0,0.0,improvement,False,False,Equal -> BC,Equal -> BC,False,False,not evaluated,not evaluated,not evaluated,0.0
L3,BC-only improvement,BC improves while IH remains unchanged.,IH-06,1,1,1.0,1,3,2.0,0,2,1.0,improvement,1,1,1.0,1,3,2.0,1.0,0.0,0.0,improvement,False,False,Equal -> IH,Equal -> IH,False,False,not evaluated,not evaluated,not evaluated,0.0
L3,BC-only improvement,BC improves while IH remains unchanged.,IH-07,1,1,1.0,1,3,2.0,0,2,1.0,improvement,1,1,1.0,1,3,2.0,1.0,0.0,0.0,improvement,False,False,Equal -> IH,Equal -> IH,False,False,not evaluated,not evaluated,not evaluated,0.0
L3,BC-only improvement,BC improves while IH remains unchanged.,IH-08,1,1,1.0,1,3,2.0,0,2,1.0,improvement,1,1,1.0,1,3,2.0,1.0,0.0,0.0,improvement,False,False,Equal -> IH,Equal -> IH,False,False,not evaluated,not evaluated,not evaluated,0.0
L3,BC-only improvement,BC improves while IH remains unchanged.,BC-01,1,1,1.0,1,3,2.0,0,2,1.0,improvement,1,1,1.0,1,3,2.0,1.0,0.0,0.0,improvement,False,False,Equal -> IH,Equal -> IH,False,False,not evaluated,not evaluated,not evaluated,0.0
L3,BC-only improvement,BC improves while IH remains unchanged.,BC-02,1,1,1.0,1,3,2.0,0,2,1.0,improvement,1,1,1.0,1,3,2.0,1.0,0.0,0.0,improvement,False,False,Equal -> IH,Equal -> IH,False,False,not evaluated,not evaluated,not evaluated,0.0
L3,BC-only improvement,BC improves while IH remains unchanged.,BC-04,1,1,1.0,1,3,2.0,0,2,1.0,improvement,1,1,1.0,1,3,2.0,1.0,0.0,0.0,improvement,False,False,Equal -> IH,Equal -> IH,False,False,not evaluated,not evaluated,not evaluated,0.0
L3,BC-only improvement,BC improves while IH remains unchanged.,BC-08-RTO,1,1,1.0,1,3,2.0,0,2,1.0,improvement,1,1,1.0,1,3,2.0,1.0,0.0,0.0,improvement,False,False,Equal -> IH,Equal -> IH,False,False,not evaluated,not evaluated,not evaluated,0.0
L3,BC-only improvement,BC improves while IH remains unchanged.,BC-09-RPO,1,1,1.0,1,3,2.0,0,2,1.0,improvement,1,1,1.0,1,3,2.0,1.0,0.0,0.0,improvement,False,False,Equal -> IH,Equal -> IH,False,False,not evaluated,not evaluated,not evaluated,0.0
L4,Single-indicator-driven improvement,"The measured improvement is driven only by IH-08. IH-08 is used as a stress-test example, not as a claim of conceptual priority.",IH-06,1,1,1.0,2,1,1.5,1,0,0.5,improvement,1,1,1.0,2.5,1,1.75,0.75,-0.25,0.1875,improvement,False,False,Equal -> BC,Equal -> BC,False,False,not evaluated,not evaluated,not evaluated,-50.0
L4,Single-indicator-driven improvement,"The measured improvement is driven only by IH-08. IH-08 is used as a stress-test example, not as a claim of conceptual priority.",IH-07,1,1,1.0,2,1,1.5,1,0,0.5,improvement,1,1,1.0,2.5,1,1.75,0.75,-0.25,0.1875,improvement,False,False,Equal -> BC,Equal -> BC,False,False,not evaluated,not evaluated,not evaluated,-50.0
L4,Single-indicator-driven improvement,"The measured improvement is driven only by IH-08. IH-08 is used as a stress-test example, not as a claim of conceptual priority.",IH-08,1,1,1.0,2,1,1.5,1,0,0.5,improvement,1,1,1.0,1,1,1.0,0.0,0.5,0.375,no change,True,False,Equal -> BC,Equal -> Equal,True,False,not evaluated,not evaluated,not evaluated,100.0
L4,Single-indicator-driven improvement,"The measured improvement is driven only by IH-08. IH-08 is used as a stress-test example, not as a claim of conceptual priority.",BC-01,1,1,1.0,2,1,1.5,1,0,0.5,improvement,1,1,1.0,2,1,1.5,0.5,0.0,0.0,improvement,False,False,Equal -> BC,Equal -> BC,False,False,not evaluated,not evaluated,not evaluated,0.0
L4,Single-indicator-driven improvement,"The measured improvement is driven only by IH-08. IH-08 is used as a stress-test example, not as a claim of conceptual priority.",BC-02,1,1,1.0,2,1,1.5,1,0,0.5,improvement,1,1,1.0,2,1,1.5,0.5,0.0,0.0,improvement,False,False,Equal -> BC,Equal -> BC,False,False,not evaluated,not evaluated,not evaluated,0.0
L4,Single-indicator-driven improvement,"The measured improvement is driven only by IH-08. IH-08 is used as a stress-test example, not as a claim of conceptual priority.",BC-04,1,1,1.0,2,1,1.5,1,0,0.5,improvement,1,1,1.0,2,1,1.5,0.5,0.0,0.0,improvement,False,False,Equal -> BC,Equal -> BC,False,False,not evaluated,not evaluated,not evaluated,0.0
L4,Single-indicator-driven improvement,"The measured improvement is driven only by IH-08. IH-08 is used as a stress-test example, not as a claim of conceptual priority.",BC-08-RTO,1,1,1.0,2,1,1.5,1,0,0.5,improvement,1,1,1.0,2,1,1.5,0.5,0.0,0.0,improvement,False,False,Equal -> BC,Equal -> BC,False,False,not evaluated,not evaluated,not evaluated,0.0
L4,Single-indicator-driven improvement,"The measured improvement is driven only by IH-08. IH-08 is used as a stress-test example, not as a claim of conceptual priority.",BC-09-RPO,1,1,1.0,2,1,1.5,1,0,0.5,improvement,1,1,1.0,2,1,1.5,0.5,0.0,0.0,improvement,False,False,Equal -> BC,Equal -> BC,False,False,not evaluated,not evaluated,not evaluated,0.0
L5,Mixed change and decision stability,IH improves slightly while BC deteriorates. Removing IH-06 reverses the overall direction.,IH-06,2,2,2.0,2.3333333333333335,1.8,2.066666666666667,0.3333333333333335,-0.19999999999999996,0.06666666666666687,improvement,2,2,2.0,2,1.8,1.9,-0.10000000000000009,0.16666666666666696,0.12500000000000022,deterioration,True,True,Equal -> BC,Equal -> BC,False,False,not evaluated,not evaluated,not evaluated,249.9999999999997
L5,Mixed change and decision stability,IH improves slightly while BC deteriorates. Removing IH-06 reverses the overall direction.,IH-07,2,2,2.0,2.3333333333333335,1.8,2.066666666666667,0.3333333333333335,-0.19999999999999996,0.06666666666666687,improvement,2,2,2.0,2.5,1.8,2.15,0.1499999999999999,-0.08333333333333304,0.06249999999999978,improvement,False,False,Equal -> BC,Equal -> BC,False,False,not evaluated,not evaluated,not evaluated,-124.99999999999918
L5,Mixed change and decision stability,IH improves slightly while BC deteriorates. Removing IH-06 reverses the overall direction.,IH-08,2,2,2.0,2.3333333333333335,1.8,2.066666666666667,0.3333333333333335,-0.19999999999999996,0.06666666666666687,improvement,2,2,2.0,2.5,1.8,2.15,0.1499999999999999,-0.08333333333333304,0.06249999999999978,improvement,False,False,Equal -> BC,Equal -> BC,False,False,not evaluated,not evaluated,not evaluated,-124.99999999999918
L5,Mixed change and decision stability,IH improves slightly while BC deteriorates. Removing IH-06 reverses the overall direction.,BC-01,2,2,2.0,2.3333333333333335,1.8,2.066666666666667,0.3333333333333335,-0.19999999999999996,0.06666666666666687,improvement,2,2,2.0,2.3333333333333335,2,2.166666666666667,0.16666666666666696,-0.10000000000000009,0.1250000000000001,improvement,False,False,Equal -> BC,Equal -> BC,False,False,not evaluated,not evaluated,not evaluated,-149.99999999999966
L5,Mixed change and decision stability,IH improves slightly while BC deteriorates. Removing IH-06 reverses the overall direction.,BC-02,2,2,2.0,2.3333333333333335,1.8,2.066666666666667,0.3333333333333335,-0.19999999999999996,0.06666666666666687,improvement,2,2,2.0,2.3333333333333335,1.75,2.041666666666667,0.04166666666666696,0.02499999999999991,0.03124999999999989,improvement,False,False,Equal -> BC,Equal -> BC,False,False,not evaluated,not evaluated,not evaluated,37.49999999999975
L5,Mixed change and decision stability,IH improves slightly while BC deteriorates. Removing IH-06 reverses the overall direction.,BC-04,2,2,2.0,2.3333333333333335,1.8,2.066666666666667,0.3333333333333335,-0.19999999999999996,0.06666666666666687,improvement,2,2,2.0,2.3333333333333335,1.75,2.041666666666667,0.04166666666666696,0.02499999999999991,0.03124999999999989,improvement,False,False,Equal -> BC,Equal -> BC,False,False,not evaluated,not evaluated,not evaluated,37.49999999999975
L5,Mixed change and decision stability,IH improves slightly while BC deteriorates. Removing IH-06 reverses the overall direction.,BC-08-RTO,2,2,2.0,2.3333333333333335,1.8,2.066666666666667,0.3333333333333335,-0.19999999999999996,0.06666666666666687,improvement,2,2,2.0,2.3333333333333335,1.75,2.041666666666667,0.04166666666666696,0.02499999999999991,0.03124999999999989,improvement,False,False,Equal -> BC,Equal -> BC,False,False,not evaluated,not evaluated,not evaluated,37.49999999999975
L5,Mixed change and decision stability,IH improves slightly while BC deteriorates. Removing IH-06 reverses the overall direction.,BC-09-RPO,2,2,2.0,2.3333333333333335,1.8,2.066666666666667,0.3333333333333335,-0.19999999999999996,0.06666666666666687,improvement,2,2,2.0,2.3333333333333335,1.75,2.041666666666667,0.04166666666666696,0.02499999999999991,0.03124999999999989,improvement,False,False,Equal -> BC,Equal -> BC,False,False,not evaluated,not evaluated,not evaluated,37.49999999999975
L6,Boundary-constrained improvement,Tests ceiling effects in IH and floor effects in BC.,IH-06,3.6666666666666665,0.6,2.1333333333333333,4,1,2.5,0.3333333333333335,0.4,0.3666666666666667,improvement,3.5,0.6,2.05,4,1,2.5,0.4500000000000002,-0.08333333333333348,0.06250000000000011,improvement,False,False,BC -> BC,BC -> BC,False,False,not evaluated,not evaluated,not evaluated,-22.727272727272766
L6,Boundary-constrained improvement,Tests ceiling effects in IH and floor effects in BC.,IH-07,3.6666666666666665,0.6,2.1333333333333333,4,1,2.5,0.3333333333333335,0.4,0.3666666666666667,improvement,3.5,0.6,2.05,4,1,2.5,0.4500000000000002,-0.08333333333333348,0.06250000000000011,improvement,False,False,BC -> BC,BC -> BC,False,False,not evaluated,not evaluated,not evaluated,-22.727272727272766
L6,Boundary-constrained improvement,Tests ceiling effects in IH and floor effects in BC.,IH-08,3.6666666666666665,0.6,2.1333333333333333,4,1,2.5,0.3333333333333335,0.4,0.3666666666666667,improvement,4,0.6,2.3,4,1,2.5,0.20000000000000018,0.16666666666666652,0.12499999999999989,improvement,False,False,BC -> BC,BC -> BC,False,False,not evaluated,not evaluated,not evaluated,45.45454545454541
L6,Boundary-constrained improvement,Tests ceiling effects in IH and floor effects in BC.,BC-01,3.6666666666666665,0.6,2.1333333333333333,4,1,2.5,0.3333333333333335,0.4,0.3666666666666667,improvement,3.6666666666666665,0.75,2.208333333333333,4,1,2.5,0.29166666666666696,0.07499999999999973,0.09374999999999967,improvement,False,False,BC -> BC,BC -> BC,False,False,not evaluated,not evaluated,not evaluated,20.454545454545382
L6,Boundary-constrained improvement,Tests ceiling effects in IH and floor effects in BC.,BC-02,3.6666666666666665,0.6,2.1333333333333333,4,1,2.5,0.3333333333333335,0.4,0.3666666666666667,improvement,3.6666666666666665,0.75,2.208333333333333,4,1,2.5,0.29166666666666696,0.07499999999999973,0.09374999999999967,improvement,False,False,BC -> BC,BC -> BC,False,False,not evaluated,not evaluated,not evaluated,20.454545454545382
L6,Boundary-constrained improvement,Tests ceiling effects in IH and floor effects in BC.,BC-04,3.6666666666666665,0.6,2.1333333333333333,4,1,2.5,0.3333333333333335,0.4,0.3666666666666667,improvement,3.6666666666666665,0.5,2.083333333333333,4,1,2.5,0.41666666666666696,-0.050000000000000266,0.06250000000000033,improvement,False,False,BC -> BC,BC -> BC,False,False,not evaluated,not evaluated,not evaluated,-13.636363636363708
L6,Boundary-constrained improvement,Tests ceiling effects in IH and floor effects in BC.,BC-08-RTO,3.6666666666666665,0.6,2.1333333333333333,4,1,2.5,0.3333333333333335,0.4,0.3666666666666667,improvement,3.6666666666666665,0.5,2.083333333333333,4,1,2.5,0.41666666666666696,-0.050000000000000266,0.06250000000000033,improvement,False,False,BC -> BC,BC -> BC,False,False,not evaluated,not evaluated,not evaluated,-13.636363636363708
L6,Boundary-constrained improvement,Tests ceiling effects in IH and floor effects in BC.,BC-09-RPO,3.6666666666666665,0.6,2.1333333333333333,4,1,2.5,0.3333333333333335,0.4,0.3666666666666667,improvement,3.6666666666666665,0.5,2.083333333333333,4,1,2.5,0.41666666666666696,-0.050000000000000266,0.06250000000000033,improvement,False,False,BC -> BC,BC -> BC,False,False,not evaluated,not evaluated,not evaluated,-13.636363636363708
