scenario,scenario_description,dropped_indicator,ih_base,bc_base,overall_base,overall_base_band,ih_drop,bc_drop,overall_drop,delta_overall,abs_delta_overall,normalized_snapshot_sensitivity
S1 - Low-performance profile,Hypothetical profile with mostly low or absent measured performance.,IH-06,0.6666666666666666,0.4,0.5333333333333333,not evaluated,0.5,0.4,0.45,0.08333333333333331,0.08333333333333331,0.12499999999999997
S1 - Low-performance profile,Hypothetical profile with mostly low or absent measured performance.,IH-07,0.6666666666666666,0.4,0.5333333333333333,not evaluated,0.5,0.4,0.45,0.08333333333333331,0.08333333333333331,0.12499999999999997
S1 - Low-performance profile,Hypothetical profile with mostly low or absent measured performance.,IH-08,0.6666666666666666,0.4,0.5333333333333333,not evaluated,1,0.4,0.7,-0.16666666666666663,0.16666666666666663,0.24999999999999994
S1 - Low-performance profile,Hypothetical profile with mostly low or absent measured performance.,BC-01,0.6666666666666666,0.4,0.5333333333333333,not evaluated,0.6666666666666666,0.25,0.4583333333333333,0.07500000000000001,0.07500000000000001,0.18750000000000003
S1 - Low-performance profile,Hypothetical profile with mostly low or absent measured performance.,BC-02,0.6666666666666666,0.4,0.5333333333333333,not evaluated,0.6666666666666666,0.25,0.4583333333333333,0.07500000000000001,0.07500000000000001,0.18750000000000003
S1 - Low-performance profile,Hypothetical profile with mostly low or absent measured performance.,BC-04,0.6666666666666666,0.4,0.5333333333333333,not evaluated,0.6666666666666666,0.5,0.5833333333333333,-0.04999999999999993,0.04999999999999993,0.12499999999999983
S1 - Low-performance profile,Hypothetical profile with mostly low or absent measured performance.,BC-08-RTO,0.6666666666666666,0.4,0.5333333333333333,not evaluated,0.6666666666666666,0.5,0.5833333333333333,-0.04999999999999993,0.04999999999999993,0.12499999999999983
S1 - Low-performance profile,Hypothetical profile with mostly low or absent measured performance.,BC-09-RPO,0.6666666666666666,0.4,0.5333333333333333,not evaluated,0.6666666666666666,0.5,0.5833333333333333,-0.04999999999999993,0.04999999999999993,0.12499999999999983
S2 - Intermediate-performance profile,Hypothetical profile with partial improvement across IH and BC.,IH-06,1.6666666666666667,1.6,1.6333333333333333,not evaluated,1.5,1.6,1.55,0.08333333333333326,0.08333333333333326,0.12499999999999989
S2 - Intermediate-performance profile,Hypothetical profile with partial improvement across IH and BC.,IH-07,1.6666666666666667,1.6,1.6333333333333333,not evaluated,1.5,1.6,1.55,0.08333333333333326,0.08333333333333326,0.12499999999999989
S2 - Intermediate-performance profile,Hypothetical profile with partial improvement across IH and BC.,IH-08,1.6666666666666667,1.6,1.6333333333333333,not evaluated,2,1.6,1.8,-0.16666666666666674,0.16666666666666674,0.2500000000000001
S2 - Intermediate-performance profile,Hypothetical profile with partial improvement across IH and BC.,BC-01,1.6666666666666667,1.6,1.6333333333333333,not evaluated,1.6666666666666667,1.5,1.5833333333333335,0.04999999999999982,0.04999999999999982,0.12499999999999956
S2 - Intermediate-performance profile,Hypothetical profile with partial improvement across IH and BC.,BC-02,1.6666666666666667,1.6,1.6333333333333333,not evaluated,1.6666666666666667,1.5,1.5833333333333335,0.04999999999999982,0.04999999999999982,0.12499999999999956
S2 - Intermediate-performance profile,Hypothetical profile with partial improvement across IH and BC.,BC-04,1.6666666666666667,1.6,1.6333333333333333,not evaluated,1.6666666666666667,1.5,1.5833333333333335,0.04999999999999982,0.04999999999999982,0.12499999999999956
S2 - Intermediate-performance profile,Hypothetical profile with partial improvement across IH and BC.,BC-08-RTO,1.6666666666666667,1.6,1.6333333333333333,not evaluated,1.6666666666666667,1.75,1.7083333333333335,-0.07500000000000018,0.07500000000000018,0.18750000000000044
S2 - Intermediate-performance profile,Hypothetical profile with partial improvement across IH and BC.,BC-09-RPO,1.6666666666666667,1.6,1.6333333333333333,not evaluated,1.6666666666666667,1.75,1.7083333333333335,-0.07500000000000018,0.07500000000000018,0.18750000000000044
S3 - High-performance profile,Hypothetical profile with generally high measured performance.,IH-06,3,2.8,2.9,not evaluated,3,2.8,2.9,0.0,0.0,0.0
S3 - High-performance profile,Hypothetical profile with generally high measured performance.,IH-07,3,2.8,2.9,not evaluated,3,2.8,2.9,0.0,0.0,0.0
S3 - High-performance profile,Hypothetical profile with generally high measured performance.,IH-08,3,2.8,2.9,not evaluated,3,2.8,2.9,0.0,0.0,0.0
S3 - High-performance profile,Hypothetical profile with generally high measured performance.,BC-01,3,2.8,2.9,not evaluated,3,2.75,2.875,0.02499999999999991,0.02499999999999991,0.06249999999999978
S3 - High-performance profile,Hypothetical profile with generally high measured performance.,BC-02,3,2.8,2.9,not evaluated,3,2.75,2.875,0.02499999999999991,0.02499999999999991,0.06249999999999978
S3 - High-performance profile,Hypothetical profile with generally high measured performance.,BC-04,3,2.8,2.9,not evaluated,3,2.75,2.875,0.02499999999999991,0.02499999999999991,0.06249999999999978
S3 - High-performance profile,Hypothetical profile with generally high measured performance.,BC-08-RTO,3,2.8,2.9,not evaluated,3,2.75,2.875,0.02499999999999991,0.02499999999999991,0.06249999999999978
S3 - High-performance profile,Hypothetical profile with generally high measured performance.,BC-09-RPO,3,2.8,2.9,not evaluated,3,3,3.0,-0.10000000000000009,0.10000000000000009,0.2500000000000002
S4 - IH-strong / BC-weak profile,Hypothetical asymmetric profile with strong IH and weak BC.,IH-06,3,1,2.0,not evaluated,3,1,2.0,0.0,0.0,0.0
S4 - IH-strong / BC-weak profile,Hypothetical asymmetric profile with strong IH and weak BC.,IH-07,3,1,2.0,not evaluated,3,1,2.0,0.0,0.0,0.0
S4 - IH-strong / BC-weak profile,Hypothetical asymmetric profile with strong IH and weak BC.,IH-08,3,1,2.0,not evaluated,3,1,2.0,0.0,0.0,0.0
S4 - IH-strong / BC-weak profile,Hypothetical asymmetric profile with strong IH and weak BC.,BC-01,3,1,2.0,not evaluated,3,1,2.0,0.0,0.0,0.0
S4 - IH-strong / BC-weak profile,Hypothetical asymmetric profile with strong IH and weak BC.,BC-02,3,1,2.0,not evaluated,3,1,2.0,0.0,0.0,0.0
S4 - IH-strong / BC-weak profile,Hypothetical asymmetric profile with strong IH and weak BC.,BC-04,3,1,2.0,not evaluated,3,1,2.0,0.0,0.0,0.0
S4 - IH-strong / BC-weak profile,Hypothetical asymmetric profile with strong IH and weak BC.,BC-08-RTO,3,1,2.0,not evaluated,3,1,2.0,0.0,0.0,0.0
S4 - IH-strong / BC-weak profile,Hypothetical asymmetric profile with strong IH and weak BC.,BC-09-RPO,3,1,2.0,not evaluated,3,1,2.0,0.0,0.0,0.0
